{
    "robot_0": {
      "joint_state": {
        "position": [
          0.21323112,  // x
          0.00494512,  // y
          0.01381366   // theta
        ],
        "forward_velocity": [
          -0.20529615,  // forward velocity
          0.03786532    // angular velocity (why?)
        ],
        "velocity": [
          -0.19973064,  // vx
          0.01309446,   // vy
          0.03786532    // wz
        ],
        "steering": [
          -0.14999346   // steering angle
        ]
      }
    }
  }
  